actual,proposed
0.30000463128089905,0.20000000298023224
0.3015044629573822,0.20000000298023224
0.30300432443618774,0.20000000298023224
0.3045041859149933,0.20000000298023224
0.30600404739379883,0.20000000298023224
0.30750390887260437,0.20000000298023224
0.3090038001537323,0.20000000298023224
0.15238399803638458,0.19830965995788574
0.15276455879211426,0.19703175127506256
0.15529286861419678,0.19583626091480255
0.15776026248931885,0.1946980506181717
0.1601690798997879,0.19352878630161285
0.15519747138023376,0.19232536852359772
0.1531791090965271,0.1911250650882721
0.1467219442129135,0.1899242103099823
0.13588865101337433,0.18866083025932312
0.12945690751075745,0.1873520463705063
0.11864502727985382,0.18599803745746613
0.10351292043924332,0.18458598852157593
0.0841178223490715,0.1830229014158249
0.05006934329867363,0.17990833520889282
0.026684356853365898,0.1778624951839447
0.003488851711153984,0.17591480910778046
0.0,0.1737239509820938
0.0,0.17149311304092407
0.0,0.16896173357963562
0.0,0.16644790768623352
0.0,0.16357967257499695
0.0,0.16068300604820251
0.0,0.15755650401115417
0.0,0.15435278415679932
0.0,0.1510520875453949
0.0,0.1476196050643921
0.0,0.1440645307302475
0.0,0.14045676589012146
0.0,0.13676273822784424
0.0,0.13296078145503998
0.0,0.12911798059940338
0.0,0.1251993626356125
0.0,0.12122750282287598
0.0,0.11731283366680145
0.0,0.11322539299726486
0.0,0.1091296598315239
0.0,0.10509341955184937
0.0,0.10112638026475906
0.0,0.09297396242618561
0.0,0.08893030881881714
0.0,0.08490390330553055
0.0,0.07701312750577927
0.0,0.07327599823474884
0.0,0.06966133415699005
0.0,0.06618687510490417
0.0,0.06283298879861832
0.0,0.05958050861954689
0.0,0.05643865466117859
0.0,0.05342402309179306
0.0,0.05051003396511078
0.0,0.0
0.0,0.0
0.0,0.0
0.0,0.0
0.0,0.0
0.0,0.0
0.0,0.12711048126220703
0.0,0.1260933130979538
0.00997406430542469,0.1250864416360855
0.022319070994853973,0.12431173771619797
0.043141577392816544,0.12370114028453827
0.05925390496850014,0.1232028678059578
0.075090691447258,0.1228167712688446
0.09938178211450577,0.12263970822095871
0.11894083023071289,0.12266676872968674
0.15294551849365234,0.12290474027395248
0.1629919409751892,0.12319789081811905
0.17725719511508942,0.12357664108276367
0.19132819771766663,0.1240779384970665
0.20085477828979492,0.12463289499282837
0.20590564608573914,0.1252317875623703
0.2109055519104004,0.12583881616592407
0.22021591663360596,0.12651178240776062
0.2207016497850418,0.12718135118484497
0.22556547820568085,0.12787498533725739
0.2260282337665558,0.12856629490852356
0.22215233743190765,0.12920726835727692
0.21835651993751526,0.1298169195652008
0.20591920614242554,0.13032960891723633
0.20239366590976715,0.1307954341173172
0.1858556866645813,0.13114139437675476
0.17391927540302277,0.13138806819915771
0.1577950268983841,0.13152025640010834
0.13753558695316315,0.13150109350681305
0.11754992604255676,0.131339430809021
0.09782540798187256,0.13106541335582733
0.07399089634418488,0.13062281906604767
0.018543172627687454,0.12902501225471497
3.7017241993453354e-05,0.1281108856201172
0.0,0.12670376896858215
0.0,0.12515099346637726
0.0,0.12334924936294556
0.0,0.12126617878675461
0.0,0.11923350393772125
0.0,0.11677383631467819
0.0,0.11405257135629654
0.0,0.10821206122636795
0.0,0.10520298033952713
0.0,0.10178160667419434
0.0,0.09818198531866074
0.0,0.09448561817407608
0.0,0.09065552800893784
0.0,0.08669868111610413
0.0,0.08266579359769821
0.0,0.07853734493255615
0.0,0.07444675266742706
0.0,0.07045591622591019
0.0,0.0
0.0,0.0
0.0,0.0
0.0,0.0
0.0,0.0
0.0,0.0
0.0,0.0
0.0,0.0
0.0,0.0
0.0,0.0
0.0,0.0
0.0,0.12236592918634415
0.0,0.12018103897571564
0.0,0.11814446747303009
0.0,0.11624497175216675
0.0,0.11447928845882416
0.0,0.11284109950065613
0.0,0.11136547476053238
0.0,0.11005586385726929
0.0,0.10893265902996063
0.0,0.10787244886159897
0.0,0.10697636753320694
0.0,0.10542511194944382
0.0,0.10424142330884933
0.0,0.10378751903772354
0.004526791628450155,0.10341757535934448
0.014730039983987808,0.1031353771686554
0.024763567373156548,0.10292530059814453
0.030275912955403328,0.10276435315608978
0.031334370374679565,0.10261470824480057
0.036721475422382355,0.10251158475875854
0.037659935653209686,0.10241194814443588
0.03857304900884628,0.10232361406087875
0.04817967116832733,0.10230916738510132
0.05328323692083359,0.10233718901872635
0.06266822665929794,0.10245931148529053
0.05884190648794174,0.10249635577201843
0.050709523260593414,0.1025201678276062
0.03832881897687912,0.10245059430599213
0.030473140999674797,0.10228021442890167
0.027074240148067474,0.10209894925355911
0.019349420443177223,0.10191366821527481
0.01607506535947323,0.10164202004671097
0.012827565893530846,0.10138405859470367
0.013964492827653885,0.10113878548145294
0.006347143556922674,0.10084190219640732
0.0031744157895445824,0.10054027289152145
2.2924399672774598e-05,0.10020120441913605
0.0,0.09985851496458054
0.0,0.09946560114622116
0.0,0.09909417480230331
0.0,0.09859801083803177
0.0,0.09815075248479843
0.24316257238388062,0.09764379262924194
0.24158048629760742,0.19888192415237427
0.240006223320961,0.19919466972351074
0.238438680768013,0.19919328391551971
0.2412363886833191,0.1993780881166458
0.23962022364139557,0.19954049587249756
0.23801171779632568,0.19969066977500916
0.23641033470630646,0.19983826577663422
0.23481501638889313,0.20000000298023224
0.2332252711057663,0.19920673966407776
0.23164063692092896,0.19926214218139648
0.22570110857486725,0.19940896332263947
0.21546685695648193,0.19933080673217773
0.2053537666797638,0.19934462010860443
0.19535592198371887,0.1991513967514038
0.18110856413841248,0.1988193541765213
0.16702581942081451,0.19846554100513458
0.15309925377368927,0.1981199085712433
0.13932135701179504,0.19752293825149536
0.12132584303617477,0.19685867428779602
0.10352461785078049,0.19608864188194275
0.08154941350221634,0.19518756866455078
0.06416923552751541,0.19405846297740936
0.03823497146368027,0.19295069575309753
0.012577012181282043,0.19146126508712769
0.0,0.19003352522850037
0.0,0.18821297585964203
0.0,0.18630757927894592
0.0,0.18420225381851196
0.0,0.18191738426685333
0.0,0.17943045496940613
0.0,0.17678870260715485
0.0,0.17403079569339752
0.0,0.17105594277381897
0.0,0.16792017221450806
0.0,0.16464853286743164
0.0,0.16128696501255035
0.0,0.15784378349781036
0.0,0.15432001650333405
0.0,0.1506730169057846
0.0,0.14694005250930786
0.0,0.14311908185482025
0.0,0.1392803192138672
0.0,0.1353413462638855
0.0,0.13139598071575165
0.0,0.1273917704820633
0.0,0.20000000298023224
0.0,0.20000000298023224
0.0,0.20000000298023224
0.0,0.20000000298023224
0.0,0.20000000298023224
0.0,0.20000000298023224
0.0,0.20000000298023224
0.0,0.19993890821933746
0.0,0.19726628065109253
0.0,0.1947004348039627
0.0,0.1922859102487564
0.0,0.1898861974477768
0.0,0.18769893050193787
0.0,0.18567322194576263
0.0,0.1836393177509308
0.0,0.1816769242286682
0.0,0.17984765768051147
0.0,0.17800727486610413
0.0,0.17625784873962402
0.0,0.17457550764083862
0.0,0.17293065786361694
0.0,0.1712825745344162
0.0,0.16965647041797638
0.0,0.16802293062210083
0.0,0.16642501950263977
0.0,0.1648796796798706
0.0,0.16335873305797577
0.0,0.16183702647686005
0.0,0.1602739840745926
0.09990354627370834,0.15869981050491333
0.0964675024151802,0.20000000298023224
0.10171008110046387,0.20000000298023224
0.10679329186677933,0.20000000298023224
0.1073642298579216,0.20000000298023224
0.11220724880695343,0.20000000298023224
0.11254680156707764,0.20000000298023224
0.1171669065952301,0.20000000298023224
0.1172918826341629,0.20000000298023224
0.11734601855278015,0.20000000298023224
0.12169082462787628,0.20000000298023224
0.11719101667404175,0.20000000298023224
0.11269049346446991,0.20000000298023224
0.10382921248674393,0.20000000298023224
0.0993848368525505,0.20000000298023224
0.09493425488471985,0.20000000298023224
0.0861181765794754,0.20000000298023224
0.07735525071620941,0.20000000298023224
0.06864213943481445,0.20000000298023224
0.05561661347746849,0.20000000298023224
0.04269520938396454,0.20000000298023224
0.029871657490730286,0.20000000298023224
0.021500252187252045,0.20000000298023224
0.013155543245375156,0.20000000298023224
0.004835963249206543,0.20000000298023224
0.18126925826072693,0.20000000298023224
0.17852817475795746,0.20000000298023224
0.17804427444934845,0.20000000298023224
0.17546765506267548,0.20000000298023224
0.17300528287887573,0.20000000298023224
0.15865902602672577,0.20000000298023224
0.14754478633403778,0.20000000298023224
0.13648511469364166,0.20000000298023224
0.12547548115253448,0.20000000298023224
0.11015394330024719,0.20000000298023224
0.09057701379060745,0.20000000298023224
0.07987604290246964,0.20000000298023224
0.0648445338010788,0.20000000298023224
0.030735261738300323,0.20000000298023224
0.016003474593162537,0.20000000298023224
0.00569842429831624,0.20000000298023224
0.0,0.20000000298023224
0.0,0.20000000298023224
0.0,0.20000000298023224
0.0,0.20000000298023224
0.0,0.20000000298023224
0.0,0.20000000298023224
0.0,0.20000000298023224
0.0,0.20000000298023224
0.0,0.20000000298023224
0.0,0.20000000298023224
0.0,0.20000000298023224
0.0,0.20000000298023224
0.0,0.20000000298023224
0.0,0.20000000298023224
0.0,0.20000000298023224
0.0,0.20000000298023224
0.0,0.20000000298023224
0.0,0.20000000298023224
0.0,0.19782963395118713
0.0,0.19514167308807373
0.0,0.1926010102033615
0.0,0.18998804688453674
0.0,0.18730348348617554
0.0,0.1847798377275467
0.0,0.18233248591423035
0.0,0.1799684315919876
0.0,0.1775648593902588
0.0,0.17521394789218903
0.0,0.1728719025850296
0.0,0.17078223824501038
0.0,0.16865573823451996
0.0,0.16656574606895447
0.0,0.16445426642894745
0.0,0.1624227911233902
0.0,0.16044077277183533
0.0,0.15845628082752228
0.0,0.1565413475036621
0.0,0.15473178029060364
0.0,0.15292274951934814
0.0,0.15112489461898804
0.0,0.14941158890724182
0.0,0.1476994901895523
0.0,0.14595505595207214
0.0,0.14422957599163055
0.0,0.14256270229816437
0.0,0.14088696241378784
0.0,0.1392453908920288
0.0,0.13765598833560944
0.0,0.13612109422683716
0.0,0.13460607826709747
0.0,0.13310760259628296
0.0,0.13166362047195435
0.0,0.13023371994495392
0.0,0.12885157763957977
0.0,0.12624965608119965
0.0,0.12499766051769257
0.0,0.0
0.0,0.0
0.0,0.0
0.0,0.0
0.0,0.0
0.0,0.0
0.0,0.0
0.0,0.0
0.0,0.0
0.0,0.0
0.0,0.0
0.0,0.0
0.0,0.0
0.0,0.0
0.0,0.0
0.0,0.0
0.0,0.0
0.0,0.0
0.0,0.0
0.0,0.0
0.0,0.0
0.0,0.0
0.0,0.0
0.0,0.0
0.0,0.0
0.0,0.0
0.0,0.0
0.0,0.0
0.0,0.0
0.0,0.0
0.0,0.0
0.0,0.0
0.0,0.0
0.0,0.0
0.0,0.0
0.0,0.0
0.0,0.0
0.0,0.0
0.0,0.0
0.0,0.0
0.0,0.0
0.0,0.0
0.0,0.0
0.0,0.0
0.0,0.0
0.0,0.0
0.0,0.0
0.0,0.0
0.0,0.0
0.0,0.0
0.0,0.0
0.0,0.0
0.0,0.0
0.0,0.0
0.0,0.0
0.0,0.0
0.0,0.0
0.0,0.0
0.0,0.0
0.0,0.0
0.0,0.0
0.0,0.0
0.0,0.0
0.0,0.0
0.0,0.0
0.0,0.0
0.0,0.0
0.0,0.0
0.0,0.0
0.0,0.0
0.0,0.0
0.0,0.0
0.0,0.0
0.0,0.0
0.0,0.0
0.0,0.0
0.0,0.0
0.0,0.0
0.0,0.0
0.0,0.0
0.0,0.0
0.0,0.0
0.0,0.0
0.0,0.0
0.0,0.0
0.0,0.0
0.0,0.0
0.0,0.0
0.0,0.0
0.0,0.0
0.0,0.0
0.0,0.0
0.0,0.0
0.0,0.0
0.0,0.0
0.0,0.0
0.0,0.0
0.0,0.0
0.0,0.0
0.0,0.0
0.0,0.0
0.0,0.0
0.0,0.0
0.0,0.0
0.0,0.0
0.0,0.0
0.0,0.0
0.0,0.0
0.0,0.0
0.0,0.0
0.0,0.0
0.0,0.0
0.0,0.0
0.0,0.0
0.0,0.0
0.0,0.0
0.034712374210357666,0.0
0.042439479380846024,0.0
0.04572610557079315,0.0
0.040277235209941864,0.0
0.030574148520827293,0.0
0.029749134555459023,0.0
0.04203343018889427,0.0
0.04980923980474472,0.0
0.053143613040447235,0.0
0.05210097134113312,0.0
0.05546088144183159,0.0
0.05880187451839447,0.0
0.06212584301829338,0.0
0.05147133022546768,0.0
0.05498243495821953,0.0
0.04975228011608124,0.0
0.044619932770729065,0.0
0.04394059255719185,0.0
0.03893176466226578,0.0
0.03401174023747444,0.0
0.024817639961838722,0.0
0.015765562653541565,0.0
0.011207487434148788,0.0
0.006718310993164778,0.0
0.0,0.0
0.0,0.0
0.0,0.0
0.0,0.0
0.0,0.0
0.0,0.0
0.0,0.0
0.0,0.0
0.0,0.0
0.0,0.0
0.0,0.0
0.0,0.0
0.0,0.0
0.0,0.0
0.0,0.0
0.0,0.0
0.0,0.0
0.0,0.0
0.0,0.0
0.0,0.0
0.0,0.0
0.0,0.0
0.0,0.0
0.0,0.0
0.0,0.0
0.0,0.0
0.0,0.0
0.0,0.0
0.0,0.0
0.0,0.0
0.0,0.0
0.0,0.0
0.0,0.0
0.0,0.0
0.0,0.0
0.0,0.0
0.0,0.0
0.0,0.0
0.0,0.0
0.0,0.0
0.0,0.0
0.0,0.0
0.0,0.0
0.0,0.0
0.0,0.0
0.0,0.0
0.0,0.0
0.0,0.0
0.0,0.0
0.0,0.0
0.0,0.0
0.0,0.0
0.0,0.0
0.0,0.0
0.0,0.0
0.0,0.0
0.0,0.0
0.0,0.0
0.0,0.0
0.0,0.0
0.0,0.0
0.0,0.0
0.0,0.0
0.0,0.0
0.0,0.0
0.0,0.0
0.0,0.0
0.0,0.0
0.0,0.0
0.0,0.0
0.0,0.0
0.0,0.0
0.0,0.0
0.0,0.0
0.0,0.0
0.0,0.0
0.0,0.0
0.0,0.0
0.0,0.0
0.0,0.0
0.0,0.0
0.0,0.0
0.0,0.0
0.0,0.0
0.0,0.0
0.0,0.0
0.0677979439496994,0.0
0.07433285564184189,0.0
0.0764719769358635,0.0
0.08735580742359161,0.0
0.10250319540500641,0.0
0.1087823435664177,0.0
0.11068019270896912,0.0
0.12133555859327316,0.0
0.12319118529558182,0.0
0.1294489949941635,0.0
0.13568836450576782,0.0
0.1331927627325058,0.0
0.13080254197120667,0.0
0.1328723132610321,0.0
0.13933855295181274,0.0
0.13706238567829132,0.0
0.1305254101753235,0.0
0.12414328008890152,0.0
0.1179099753499031,0.0
0.11181861162185669,0.0
0.10586366802453995,0.0
0.09568043053150177,0.0
0.08132421970367432,0.0
0.05767383426427841,0.0
0.04394052177667618,0.0
0.03041752427816391,0.09260494261980057
0.017096206545829773,0.09263411909341812
0.0,0.09256549924612045
0.0,0.0
0.0,0.0
0.0,0.0
0.0,0.0
0.0,0.0
0.0,0.0
0.0,0.0
0.0,0.0
0.0,0.0
0.0,0.0
0.0,0.0
0.0,0.0
0.0,0.0
0.0,0.0
0.0,0.0
0.0,0.0
0.0,0.0
0.0,0.0
0.0,0.0
0.0,0.0
0.0,0.0
0.0,0.0
0.0,0.0
0.0,0.0
0.0,0.0
0.0,0.0
0.0,0.0
0.0,0.0
0.0,0.0
0.0,0.0
0.0,0.0
0.0,0.0
0.0,0.0
0.0,0.0
0.0,0.0
0.0,0.0
0.0,0.0
0.0,0.0
0.0,0.0
0.0,0.0
0.0,0.0
0.0,0.0
0.0,0.0
0.0,0.0
0.0,0.0
0.0,0.0
0.0,0.0
0.0,0.0
0.0,0.0
0.0,0.0
0.0,0.0
0.0,0.0
0.0,0.0
0.0,0.0
0.0,0.0
0.0,0.0
0.0,0.0
0.0,0.0
0.0,0.0
0.0,0.0
0.0,0.0
0.0,0.0
0.0,0.0
0.0,0.0
0.0,0.0
0.0,0.0
0.0,0.0
0.0,0.0
0.0,0.0
0.0,0.0
0.0,0.0
0.0,0.0
0.0,0.0
0.0,0.0
0.05735292285680771,0.0
0.06851090490818024,0.0
0.07520212233066559,0.0
0.07749313861131668,0.0
0.09288216382265091,0.0
0.1037522628903389,0.0
0.11017131805419922,0.0
0.11656320840120316,0.0
0.11857152730226517,0.0
0.1293351948261261,0.0
0.131296306848526,0.0
0.133297860622406,0.0
0.13969850540161133,0.0
0.1417182832956314,0.0
0.15249602496623993,0.0
0.15447445213794708,0.0
0.14984267950057983,0.0
0.14770986139774323,0.0
0.14567187428474426,0.0
0.1480841338634491,0.081577830016613
0.13744661211967468,0.08250181376934052
0.12265827506780624,0.08329173922538757
0.10812894254922867,0.08396479487419128
0.09820716083049774,0.08455343544483185
0.08410287648439407,0.08502478897571564
0.07022862136363983,0.08538611233234406
0.043496787548065186,0.08554329723119736
0.025873618200421333,0.08556705713272095
0.012862449511885643,0.08549506962299347
0.0,0.08529604971408844
0.0,0.08504019677639008
0.0,0.08469732105731964
0.0,0.08423565328121185
0.0,0.0836939662694931
0.0,0.08310455083847046
0.0,0.08240579068660736
0.0,0.08166506886482239
0.0,0.0
0.0,0.0
0.0,0.0
0.0,0.0
0.0,0.0
0.0,0.0
0.0,0.0
0.0,0.0
0.0,0.0
0.0,0.0
0.0,0.0
0.0,0.0
0.0,0.0
0.0,0.0
0.0,0.0
0.0,0.0
0.0,0.0
0.0,0.0
0.0,0.0
0.0,0.0
0.0,0.0
0.0,0.0
0.0,0.0
0.0,0.0
0.0,0.0
0.0,0.0
0.0,0.0
0.0,0.0
0.0,0.0
0.0,0.0
0.0,0.0
0.0,0.0
0.0,0.0
0.0,0.0
0.0,0.0
0.0,0.0
0.0,0.0
0.0,0.0
0.0,0.0
0.0,0.0
0.0,0.0
0.0,0.0
0.0,0.0
0.0,0.0
0.0,0.0
0.0,0.0
0.0,0.0
0.0,0.0
0.0,0.0
0.0,0.0
0.0,0.0
0.0,0.0
0.0,0.0
0.0,0.0
0.0,0.0
0.0,0.0
0.0,0.0
0.0,0.0
0.0,0.0
0.0,0.0
0.0,0.0
0.0,0.0
0.0,0.0
0.0,0.0
0.0,0.0
0.0,0.0
0.0,0.0
0.0,0.0
0.0,0.0
0.0,0.0
0.0,0.0
0.0,0.0
0.05711790919303894,0.0
0.06836885213851929,0.0
0.07515062391757965,0.0
0.08188779652118683,0.0
0.08858257532119751,0.0
0.09523817896842957,0.0
0.10621563345193863,0.0
0.12145646661520004,0.0
0.12782889604568481,0.0
0.1341785043478012,0.0
0.13614873588085175,0.0
0.13380125164985657,0.0
0.13155430555343628,0.0
0.13376307487487793,0.0
0.12728634476661682,0.0
0.1253211796283722,0.0
0.12344185262918472,0.0
0.12164505571126938,0.0
0.12428665906190872,0.0
0.11822612583637238,0.0
0.11230210214853287,0.0694999173283577
0.10650929063558578,0.0702027827501297
0.1008414775133133,0.07085006684064865
0.09093475341796875,0.07141286879777908
0.08556254208087921,0.07192663848400116
0.07593914121389389,0.07235847413539886
0.0664786696434021,0.07271325588226318
0.06153339892625809,0.07302546501159668
0.05667704716324806,0.0732969120144844
0.04754673317074776,0.07349500060081482
0.04291759058833122,0.07365403324365616
0.03836313262581825,0.07377863675355911
0.03388042375445366,0.07386650890111923
0.029466282576322556,0.0739218145608902
0.016399947926402092,0.07387946546077728
0.003516565542668104,0.07374010980129242
0.0,0.07354328781366348
0.0,0.07319281250238419
0.0,0.0726919025182724
0.0,0.07214384526014328
0.0,0.07158161699771881
0.0,0.07103737443685532
0.0,0.0704464241862297
0.0,0.0698101595044136
0.0,0.0
0.0,0.0
0.0,0.0
0.0,0.0
0.0,0.0
0.0,0.0
0.0,0.0
0.0,0.0
0.0,0.0
0.0,0.0
0.0,0.0
0.0,0.0
0.0,0.0
0.0,0.0
0.0,0.0
0.0,0.0
0.0,0.0
0.0,0.0
0.0,0.0
0.0,0.0
0.0,0.0
0.0,0.0
0.0,0.0
0.0,0.0
0.0,0.0
0.0,0.0
0.0,0.0
0.0,0.0
0.0,0.0
0.0,0.0
0.0,0.0
0.0,0.0
0.0,0.0
0.0,0.0
0.0,0.0
0.0,0.0
0.0,0.0
0.0,0.0
0.0,0.0
0.0,0.0
0.0,0.0
0.0,0.0
0.0,0.0
0.0,0.0
0.0,0.0
0.0,0.0
0.0,0.0
0.0,0.0
0.0,0.0
0.0,0.0
0.0,0.0
0.0,0.0
0.0,0.0
0.0,0.0
0.0,0.0
0.0,0.0
0.0,0.0
0.033604901283979416,0.0
0.0411984920501709,0.0
0.04435552656650543,0.0
0.05185791477560997,0.0
0.05928792804479599,0.0
0.06664884090423584,0.0
0.06958475708961487,0.0
0.0812373012304306,0.0
0.08404967933893204,0.0
0.0825076699256897,0.0
0.08538999408483505,0.0
0.08827470242977142,0.0
0.08680310845375061,0.0
0.08975360542535782,0.0
0.08834606409072876,0.0
0.08699991554021835,0.0
0.09007184952497482,0.0
0.10621725022792816,0.0
0.10910096764564514,0.0
0.10763177275657654,0.06417932361364365
0.10622891038656235,0.06490374356508255
0.10924886912107468,0.0656377300620079
0.11226977407932281,0.06638074666261673
0.11093297600746155,0.06710109859704971
0.10529924184083939,0.06776659190654755
0.10414464771747589,0.06841155886650085
0.09432701766490936,0.06897059828042984
0.08468235284090042,0.06944971531629562
0.07520350813865662,0.06985127180814743
0.07024227827787399,0.07020694762468338
0.06537266075611115,0.07052090764045715
0.06494900584220886,0.07082585245370865
0.06454848498106003,0.07112365961074829
0.0554521419107914,0.07134933769702911
0.042138926684856415,0.0714702233672142
0.033381350338459015,0.07152719050645828
0.02475040778517723,0.07151707261800766
0.01188170351088047,0.07141217589378357
0.007907581515610218,0.07128045707941055
0.0,0.07105869799852371
0.0,0.07081206887960434
0.0,0.0705128088593483
0.0,0.0701557844877243
0.0,0.06977982819080353
0.0,0.06935343146324158
0.0,0.06894317269325256
0.0,0.06848116964101791
0.0,0.06793757528066635
0.0,0.06738034635782242
0.0,0.06674443930387497
0.0,0.06606476753950119
0.0,0.06534327566623688
0.0,0.0
0.0,0.0
0.0,0.0
0.0,0.0
0.0,0.0
0.0,0.0
0.0,0.0
0.0,0.0
0.0,0.0
0.0,0.0
0.0,0.0
0.0,0.0
0.0,0.0
0.0,0.0
0.0,0.0
0.0,0.0
0.0,0.0
0.0,0.0
0.0,0.0
0.0,0.0
0.0,0.0
0.0,0.0
0.0,0.0
0.0,0.0
0.0,0.0
0.0,0.0
0.0,0.0
0.0,0.0
0.0,0.0
0.0,0.0
0.0,0.0
0.0,0.0
0.0,0.0
0.0,0.0
0.0,0.0
0.0,0.0
0.0,0.0
0.0,0.0
0.0,0.0
0.0,0.0
0.0,0.0
0.0,0.0
0.0,0.0
0.0,0.0
0.0,0.0
0.0,0.0
0.0,0.0
0.0,0.0
0.0,0.0
0.0,0.0
0.0,0.0
0.0,0.0
0.0,0.0
0.0,0.0
0.0,0.0
0.0,0.0
0.0,0.0
0.0,0.0
0.0,0.0
0.0,0.0
0.0,0.0
0.0,0.0
0.0,0.0
0.0,0.0
0.0,0.0
0.0,0.0
0.0,0.0
0.0,0.0
0.0,0.0
0.0,0.0
0.0,0.0
0.0,0.0
0.0,0.0
0.0,0.0
0.0,0.0
0.0,0.0
0.0,0.0
0.0,0.0
0.0,0.0
0.0,0.0
0.0,0.0
0.0,0.0
0.0,0.0
0.0,0.0
0.0,0.0
0.0,0.0
0.0,0.0
0.0,0.0
0.0,0.0
0.0,0.0
0.0,0.0
0.0,0.0
0.0,0.0
0.0,0.0
0.0,0.0
0.0,0.0
0.0,0.0
0.0,0.0
0.0,0.0
0.0,0.0
0.0,0.0
0.0,0.0
0.0,0.0
0.0,0.0
0.0,0.0
0.0,0.0
0.0,0.0
0.0,0.0
0.0,0.0
0.0,0.0
0.0,0.0
0.0,0.0
0.0,0.0
0.0,0.0
0.0,0.0
0.0,0.0
0.0,0.0
0.0,0.0
0.0,0.0
0.0,0.0
0.0,0.0
0.0,0.0
0.0,0.0
0.0,0.0
0.0,0.0
0.0,0.0
0.0,0.0
0.0,0.0
0.0,0.0
0.0,0.0
0.0,0.0
0.0,0.0
0.0,0.0
0.0,0.0
0.0,0.0
0.0,0.0
0.0,0.0
0.0,0.0
0.0,0.0
0.0,0.0
0.0,0.0
0.0,0.0
0.0,0.0
0.0,0.0
0.0,0.0
0.0,0.0
0.0,0.0
0.0,0.0
0.0,0.0
0.0,0.0
0.0,0.0
0.0,0.0
0.0,0.0
0.0,0.0
0.0,0.0
0.0,0.0
0.0,0.0
0.0,0.0
0.0,0.0
0.0,0.0
0.0,0.0
0.0,0.0
0.0,0.0
0.0,0.0
0.0,0.0
0.0,0.0
0.0,0.0
0.0,0.0
0.0,0.0
0.0,0.0
0.0,0.0
0.0,0.0
0.0,0.0
0.0,0.0
0.0,0.0
0.0,0.0
0.0,0.0
0.0,0.0
0.0,0.0
0.0,0.0
0.0,0.0
0.0,0.0
0.0,0.0
0.0,0.0
0.0,0.0
0.0,0.0
0.0,0.0
0.0,0.0
0.0,0.0
0.0,0.0
0.0,0.0
0.0,0.0
0.0,0.0
0.0,0.0
0.0,0.0
0.0,0.0
0.0,0.0
0.0,0.0
0.0,0.0
0.0,0.0
0.0,0.0
0.0,0.0
0.0,0.0
0.0,0.0
0.0,0.0
0.0,0.0
0.0,0.0
0.0,0.0
0.0,0.0
0.0,0.0
0.0,0.0
0.0,0.0
0.0,0.0
0.0,0.0
0.0,0.0
0.0,0.0
0.0,0.0
0.0,0.0
0.0,0.0
0.0,0.0
0.0,0.0
0.0,0.0
0.0,0.0
0.0,0.0
0.0,0.0
0.0,0.0
0.0,0.0
0.0,0.0
0.0,0.0
0.0,0.0
0.0,0.0
0.0,0.0
0.0,0.0
0.0,0.0
0.0,0.0
0.0,0.0
0.0,0.0
0.0,0.0
0.0,0.0
0.0,0.0
0.0,0.0
0.0,0.0
0.0,0.0
0.0,0.0
0.0,0.0
0.0,0.0
0.0,0.0
0.0,0.0
0.0,0.0
0.0,0.0
0.0,0.0
0.0,0.0
0.0,0.0
0.0,0.0
0.0,0.0
0.0,0.0
0.0,0.0
0.0,0.0
0.0,0.0
0.0,0.0
0.0,0.0
0.0,0.0
0.0,0.0
0.0,0.0
0.0,0.0
0.0,0.0
0.0,0.0
0.0,0.0
0.0,0.0
0.0,0.0
0.0,0.0
0.017591111361980438,0.0
0.017002485692501068,0.0
0.020795533433556557,0.0
0.020190926268696785,0.0
0.015250969678163528,0.0
0.014753203839063644,0.0
0.01427458319813013,0.0
0.013814371079206467,0.0
0.017730891704559326,0.0
0.017245011404156685,0.0
0.021137278527021408,0.0
0.024987535551190376,0.0
0.024438796564936638,0.0
0.028271101415157318,0.0
0.032064925879240036,0.0
0.03582180663943291,0.0
0.03954359516501427,0.0
0.04323207214474678,0.0
0.03817087411880493,0.0
0.03320049121975899,0.0
0.028317000716924667,0.0
0.027875667437911034,0.0
0.031812477856874466,0.0
0.035707276314496994,0.0
0.03084404021501541,0.0
0.026063576340675354,0.0
0.021362274885177612,0.0
0.016737036406993866,0.0
0.003465705318376422,0.0
0.0,0.0
0.0,0.0
0.0005982633447274566,0.0
0.0005782445659860969,0.0
0.0,0.0
0.0,0.0
0.0,0.0
0.0,0.0
0.0,0.0
0.0,0.0
0.0,0.0
0.0,0.0
0.0,0.0
0.0,0.0
0.0,0.0
0.0,0.0
0.0,0.0
0.0,0.0
0.0,0.0
0.0,0.0
0.0,0.0
0.0,0.0
0.0,0.0
0.0,0.0
0.0,0.0
0.0,0.0
0.0,0.0
0.0,0.0
0.0,0.0
0.0,0.0
0.0,0.0
0.0,0.0
0.0,0.0
0.0,0.0
0.0,0.0
0.0,0.0
0.0,0.0
0.0,0.0
0.0,0.0
0.0,0.0
0.0,0.0
0.0,0.0
0.0,0.0
0.0,0.0
0.0,0.0
0.0,0.0
0.0,0.0
0.0,0.0
0.0,0.0
0.0,0.0
0.0,0.0
0.0,0.0
0.0,0.0
0.0,0.0
0.0,0.0
0.0,0.0
0.0,0.0
0.0,0.0
0.0,0.0
0.0,0.0
0.0,0.0
0.0,0.0
0.0,0.0
0.0,0.0
0.0,0.0
0.0,0.0
0.0,0.0
0.0,0.0
0.0,0.0
0.0,0.0
0.0,0.0
0.0,0.0
0.0,0.0
0.0,0.0
0.0,0.0
0.0,0.0
0.0,0.0
0.0,0.0
0.0,0.0
0.0,0.0
0.0,0.0
0.0,0.0
0.0,0.0
0.0,0.0
0.0,0.0
0.0,0.0
0.0,0.0
0.0,0.0
0.0,0.0
0.0,0.0
0.0,0.0
0.0,0.0
0.0,0.0
0.0,0.0
0.0,0.0
0.0,0.0
0.0,0.0
0.0,0.0
0.0,0.0
0.034961674362421036,0.0
0.04250986874103546,0.0
0.04562324658036232,0.0
0.04872462898492813,0.0
0.051815640181303024,0.0
0.050537705421447754,0.0
0.049311064183712006,0.0
0.06121083348989487,0.0
0.06861744821071625,0.0
0.0672394409775734,0.0
0.057201024144887924,0.0
0.04733807221055031,0.0
0.04636141285300255,0.0
0.032348163425922394,0.0
0.03163137659430504,0.0
0.026584412902593613,0.0
0.030343642458319664,0.0
0.029707375913858414,0.0
0.02909686230123043,0.0
0.028511110693216324,0.0
0.03230782970786095,0.0
0.04042646661400795,0.0
0.04409005865454674,0.0
0.0433635413646698,0.0
0.04266795888543129,0.0
0.046361152082681656,0.0
0.05438121780753136,0.0
0.053593069314956665,0.0
0.052839506417512894,0.0
0.043401509523391724,0.0
0.04719298705458641,0.0
0.04659029096364975,0.0
0.041655588895082474,0.015884969383478165
0.036807265132665634,0.016104936599731445
0.03640059754252434,0.016317684203386307
0.03165353089570999,0.016492284834384918
0.03134380280971527,0.016660232096910477
0.03540758043527603,0.016855522990226746
0.04378392547369003,0.017109736800193787
0.04769621789455414,0.01738828234374523
0.05156951770186424,0.017690734937787056
0.0554053820669651,0.018015649169683456
0.05920568108558655,0.01836289092898369
0.06297221034765244,0.01873243972659111
0.06670669466257095,0.019122689962387085
0.0616927295923233,0.019468914717435837
0.05677075311541557,0.01977219618856907
0.060654863715171814,0.020099733024835587
0.05578434467315674,0.02038457989692688
0.055358897894620895,0.02066180668771267
0.0549553744494915,0.02093016542494297
0.06329099088907242,0.021256621927022934
0.05408996343612671,0.021510697901248932
0.05375276505947113,0.021753663197159767
0.0534340925514698,0.02199256233870983
0.05749226361513138,0.022258976474404335
0.052789106965065,0.022483421489596367
0.04816555976867676,0.022668592631816864
0.04797716066241264,0.02285056933760643
0.04780113697052002,0.023029165342450142
0.04327797889709473,0.023169079795479774
0.034467991441488266,0.02324303612112999
0.030145686119794846,0.02328396402299404
0.030245235189795494,0.023323925212025642
0.025985341519117355,0.023333553224802017
0.021785443648695946,0.02331843413412571
0.013283771462738514,0.023225683718919754
0.00925652589648962,0.02311202511191368
0.0052782511338591576,0.022972289472818375
0.0,0.02274101786315441
0.0,0.0224860031157732
0.0,0.022272303700447083
0.0,0.022067341953516006
0.0,0.02180466614663601
0.0,0.021520759910345078
0.0,0.021244782954454422
0.0,0.020981036126613617
0.0,0.020659498870372772
0.0,0.020319322124123573
0.0,0.02002091147005558
0.0,0.019765963777899742
0.0,0.019583994522690773
0.0,0.01944020949304104
0.0,0.019334115087985992
0.0,0.019199656322598457
0.0,0.01910313218832016
0.0,0.0190410315990448
0.0,0.01898152567446232
0.0,0.018957681953907013
0.0,0.01893339864909649
0.00434583704918623,0.018943600356578827
0.004371361341327429,0.018953431397676468
3.77257056243252e-05,0.018930869176983833
0.00012338938540779054,0.018910015001893044
0.004565218463540077,0.018921945244073868
0.0045848689042031765,0.01893376186490059
0.004604618065059185,0.01894591562449932
0.008983494713902473,0.018989987671375275
0.00022497728059533983,0.01896916702389717
0.0,0.018916290253400803
0.0,0.018865546211600304
0.0006255486514419317,0.01884915493428707
0.0006953190895728767,0.01883370243012905
0.005121865775436163,0.018851986154913902
0.013844513334333897,0.01893301121890545
0.026806458830833435,0.019109366461634636
0.03959300369024277,0.019281020388007164
0.0522129125893116,0.019640104845166206
0.055955447256565094,0.020022543147206306
0.068384550511837,0.020488211885094643
0.07194569706916809,0.020970243960618973
0.07548440247774124,0.02147105149924755
0.07900197058916092,0.021994372829794884
0.08685865998268127,0.02255609631538391
0.09027684479951859,0.02313947305083275
0.10239865630865097,0.02380061149597168
0.10566780716180801,0.02447611093521118
0.10457056760787964,0.025128772482275963
0.10788610577583313,0.025795133784413338
0.11555157601833344,0.026506677269935608
0.11443102359771729,0.027198124676942825
0.1177254244685173,0.02790011838078499
0.12101320922374725,0.02861521765589714
0.1199360117316246,0.0293092280626297
0.1189139261841774,0.029983965680003166
0.11794482916593552,0.030639132484793663
0.11266764253377914,0.031243303790688515
0.11185886710882187,0.031830865889787674
0.11109444499015808,0.0324031300842762
0.11037267744541168,0.032959744334220886
0.1053328812122345,0.03346892446279526
0.1003929004073143,0.033934686332941055
0.09990750998258591,0.034384697675704956
0.09073549509048462,0.0347650982439518
0.08607277274131775,0.03509753197431564
0.09021172672510147,0.03546375408768654
0.08995082974433899,0.035810425877571106
0.0897115096449852,0.03615749627351761
0.08949293196201324,0.036496758460998535
0.084935262799263,0.036794502288103104
0.0804571658372879,0.03705034777522087
0.076055146753788,0.037271298468112946
0.07172585278749466,0.03745986148715019
0.05874837189912796,0.03754892945289612
0.04595768824219704,0.03754002973437309
0.028987040743231773,0.037404920905828476
0.016605980694293976,0.03718554601073265
0.004385244566947222,0.03687511011958122
0.0,0.03645149618387222
0.0,0.03594834357500076
0.0,0.035367995500564575
0.0,0.0347137413918972
0.0,0.03398386389017105
0.0,0.03321516141295433
0.0,0.03234488144516945
0.0,0.03144111856818199
0.0,0.030537588521838188
0.0,0.029599696397781372
0.0,0.0286290030926466
0.0,0.027689194306731224
0.0,0.026749679818749428
0.0,0.02584206685423851
0.0,0.024932630360126495
0.0,0.02405133657157421
0.0,0.0231997761875391
0.0,0.022375619038939476
0.0,0.0
0.0,0.0
0.0,0.0
0.0,0.0
0.0,0.0
0.0,0.0
0.0,0.0
0.0,0.0
0.0,0.0
0.0,0.0
0.0,0.0
0.0,0.0
0.0,0.0
0.0,0.0
0.0,0.0
0.0,0.0
0.0,0.0
0.0,0.0
0.0,0.0
0.0,0.0
0.0,0.0
0.0,0.0
0.0,0.0
0.0,0.0
0.0,0.0
0.0,0.0
0.0,0.0
0.0,0.0
0.0,0.0
0.0,0.0
0.0,0.0
0.0,0.0
0.0,0.0
0.0,0.0
0.0,0.0
0.0,0.0
0.03229960799217224,0.0
0.040107447654008865,0.0
0.04347170516848564,0.0
0.051174573600292206,0.0
0.054438818246126175,0.0
0.057687774300575256,0.0
0.06092207878828049,0.0
0.06850249320268631,0.0
0.08472823351621628,0.0
0.09204565733671188,0.0
0.09930337220430374,0.0
0.10214514285326004,0.0
0.11371111869812012,0.0
0.12080435454845428,0.0
0.12349052727222443,0.0197321604937315
0.12619176506996155,0.020619723945856094
0.12454888224601746,0.021481769159436226
0.12733981013298035,0.022309208288788795
0.13014298677444458,0.023179739713668823
0.13295802474021912,0.024055596441030502
0.13142582774162292,0.024904189631342888
0.12560679018497467,0.025694970041513443
0.11991753429174423,0.026428570970892906
0.11435303092002869,0.027108818292617798
0.11326633393764496,0.027768945321440697
0.10787437111139297,0.02841203846037388
0.09823545813560486,0.028933783993124962
0.08876428008079529,0.029379522427916527
0.07945390045642853,0.029748380184173584
0.0790146067738533,0.030107203871011734
0.06552409380674362,0.030360275879502296
0.05223998799920082,0.03051029145717621
0.043511372059583664,0.030657358467578888
0.034910351037979126,0.030677612870931625
0.030790193006396294,0.03066074475646019
0.013649213127791882,0.030647601932287216
0.0011017514625564218,0.030515188351273537
0.0,0.030281782150268555
0.0,0.029998784884810448
0.0,0.029630061239004135
0.0,0.029240788891911507
0.0,0.02870742417871952
0.0,0.028093576431274414
0.0,0.027438810095191002
0.0,0.02674124389886856
0.0,0.026066331192851067
0.0,0.025414157658815384
0.0,0.024752238765358925
0.0,0.024079712107777596
0.0,0.02336522936820984
0.0,0.022641899064183235
0.0,0.021845199167728424
0.0,0.021042004227638245
0.0,0.0
0.0,0.0
0.0,0.0
0.0,0.0
0.0,0.0
0.0,0.0
0.0,0.0
0.0,0.0
0.0,0.0
0.0,0.0
0.0,0.0
0.0,0.0
0.0,0.0
0.0,0.0
0.0,0.0
0.0,0.0
0.0,0.0
0.0,0.0
0.0,0.0
0.0,0.0
0.0,0.0
0.0,0.0
0.0,0.0
0.0,0.0
0.0,0.0
0.0,0.0
0.0,0.0
0.0,0.0
0.0,0.0
0.0,0.0
0.0,0.0
0.0,0.0
0.0,0.0
0.0,0.0
0.0,0.0
0.0,0.0
0.025617700070142746,0.0
0.03356402739882469,0.0
0.041419316083192825,0.0
0.049188654869794846,0.0
0.056875843554735184,0.0
0.06012548878788948,0.0
0.06772065907716751,0.0
0.07524251192808151,0.0
0.08269472420215607,0.0
0.09008045494556427,0.0
0.09740385413169861,0.0
0.10030877590179443,0.0
0.10321778059005737,0.0
0.10177211463451385,0.0
0.10475011169910431,0.01879129745066166
0.10773059725761414,0.01952969841659069
0.10635451227426529,0.02027556672692299
0.10940064489841461,0.020998746156692505
0.10808811336755753,0.021731430664658546
0.10683674365282059,0.02244233526289463
0.11000321805477142,0.023129163309931755
0.11316585540771484,0.023829206824302673
0.11632522940635681,0.024539576843380928
0.11512286216020584,0.025264855474233627
0.11833737045526505,0.025959022343158722
0.11283013969659805,0.02666935697197914
0.10743949562311172,0.027325410395860672
0.10216087847948074,0.02792966365814209
0.0926305279135704,0.028486808761954308
0.08762233704328537,0.028961172327399254
0.07835110276937485,0.029390841722488403
0.06923138350248337,0.029744142666459084
0.06025686860084534,0.030024562031030655
0.05142148584127426,0.030233755707740784
0.047077324241399765,0.03037324547767639
0.042799390852451324,0.03048640489578247
0.03858470916748047,0.03069649450480938
0.013393811881542206,0.030606839805841446
0.005218602251261473,0.030457617715001106
0.0015052618691697717,0.0302580539137125
0.0,0.030022306367754936
0.0,0.029737364500761032
0.0,0.029402781277894974
0.0,0.029012693092226982
0.0,0.028569824993610382
0.0,0.02804916352033615
0.0,0.02751796506345272
0.0,0.026967687532305717
0.0,0.0264059416949749
0.0,0.02576589770615101
0.0,0.025083819404244423
0.0,0.024359479546546936
0.0,0.023595696315169334
0.0,0.022824516519904137
0.0,0.022045373916625977
0.0,0.02125968039035797
0.0,0.0
0.0,0.0
0.0,0.0
0.0,0.0
0.0,0.0
0.0,0.0
0.0,0.0
0.0,0.0
0.0,0.0
0.0,0.0
0.0,0.0
0.0,0.0
0.0,0.0
0.0,0.0
0.0,0.0
0.0,0.0
0.0,0.0
0.0,0.0
0.0,0.0
0.0,0.0
0.0,0.0
0.0,0.0
0.0,0.0
0.0,0.0
0.0,0.0
0.0,0.0
0.0,0.0
0.0,0.0
0.0,0.0
0.0,0.0
0.0,0.0
0.0,0.0
0.0,0.0
0.0,0.0
0.0,0.0
0.0,0.0
0.0,0.0
0.0,0.0
0.0,0.0
0.0,0.0
0.0,0.0
0.0,0.0
0.0,0.0
0.0,0.0
0.0,0.0
0.0,0.0
0.0,0.0
0.0,0.0
0.0,0.0
0.0,0.0
0.0,0.0
0.0,0.0
0.0,0.0
0.0,0.0
0.0,0.0
0.0,0.0
0.0,0.0
0.0,0.0
0.0,0.0
0.0,0.0
0.0,0.0
0.0,0.0
0.0,0.0
0.0,0.0
0.0,0.0
0.0,0.0
0.0,0.0
0.0,0.0
0.0,0.0
0.0,0.0
0.0,0.0
0.0,0.0
0.0,0.0
0.0,0.0
0.0,0.0
0.0,0.0
0.0,0.0
0.0,0.0
0.0,0.0
0.0,0.0
0.0,0.0
0.0,0.0
0.0,0.0
0.0,0.0
0.0,0.0
0.0,0.0
0.0,0.0
0.0,0.0
0.0,0.0
0.0,0.0
0.0,0.0
0.0,0.0
0.0,0.0
0.0,0.0
0.0,0.0
0.0,0.0
0.0,0.0
0.0,0.0
0.0,0.0
0.0,0.0
0.0,0.0
0.0,0.0
0.0,0.0
0.0,0.0
0.0,0.0
0.0,0.0
0.0,0.0
0.0,0.0
0.0,0.0
0.0,0.0
0.0,0.0
0.0,0.0
0.0,0.0
0.0,0.0
0.0,0.0
0.0,0.0
0.0,0.0
0.0,0.0
0.0,0.0
0.0,0.0
0.0,0.0
0.0,0.0
0.23862306773662567,0.0
0.2394760400056839,0.0
0.24487018585205078,0.0
0.25038009881973267,0.0
0.0,0.0
0.0,0.0
0.0,0.0
0.0,0.0
0.0,0.0
0.0,0.0
0.0,0.0
0.0,0.0
0.0,0.0
0.0,0.0
0.0,0.0
0.0,0.0
0.0,0.0
0.0,0.0
0.0,0.0
0.0,0.0
0.0,0.0
0.0,0.0
0.0,0.0
0.0,0.0
0.0,0.0
0.0,0.0
0.0,0.0
0.0,0.0
0.0,0.0
0.0,0.0
0.0,0.0
0.0,0.0
0.0,0.0
0.0,0.0
0.0,0.0
0.0,0.0
0.0,0.0
0.0,0.0
0.0,0.0
0.0,0.0
0.0,0.0
0.0,0.0
0.0,0.0
0.0,0.0
0.0,0.0
0.0,0.0
0.0,0.0
0.0,0.0
0.0,0.0
0.0,0.0
0.0,0.0
0.0,0.0
0.0,0.0
0.0,0.0
0.0,0.0
0.0,0.0
0.0,0.0
0.0,0.0
0.0,0.0
0.0,0.0
0.0,0.0
0.0,0.0
0.0,0.0
0.0,0.0
0.0,0.0
0.0,0.0
0.0,0.0
0.0,0.0
0.0,0.0
0.0,0.0
0.0,0.0
0.0,0.0
0.0,0.0
0.0,0.0
0.0,0.0
0.0,0.0
0.0,0.0
0.0,0.0
0.0,0.0
0.0,0.0
0.0,0.0
0.0,0.0
0.0,0.0
0.0,0.0
0.0,0.0
0.0,0.0
0.0,0.0
0.0,0.0
0.0,0.0
0.0,0.0
0.0,0.0
0.0,0.0
0.0,0.0
0.0,0.0
0.0,0.0
0.0,0.0
0.0,0.0
0.0,0.0
0.0,0.0
